Index,class,tweet,group
85,0,""":   queer"" gaywad",lgbt
111,0,""":  you're fucking gay, blacklisted hoe"" Holding out for #TehGodClan anyway",lgbt
317,0,""":  is bored supposed to be cute, you faggot?"" Sometimes",lgbt
540,0,"""Nah its You : &#;&#;&#;&#; yo i thought some photoshopped my face on that faggot smmfh...i hate yall""",lgbt
591,0,"""We hate niggers, we hate faggots and we hate spics""-kkk rally",lgbt
592,0,"""We're out here, and we're queer!""
"" , , , hut! We like it in our butt!""",lgbt
598,0,"""Why people think gay marriage is okay is beyond me. Sorry I don't want my future son seeing  fags walking down the street holding hands an",lgbt
744,0,#JesusChrist was STRAIGHT&gt; That's why the #faggots killed him. #PERIOD #SonOfGod&gt;,lgbt
775,0,"#RebelScience ......is using an ACTUAL WOMAN as a genetic engineering lab for ""all natural clones""..... or something...... #faggot #rome",lgbt
850,0,"#faggots are MERELY a #scientific indicator that SOMETHING IS WRONG&gt; Do not celebrate as ""unique indiviuals"" for they are #cancer&gt;",lgbt
991,0,&#; RT : LMFAO RT : If you watching porn &amp; beating off &amp; yo homie text u &amp; it show his name in the banner you're a faggot,lgbt
1074,0,&#; RT : They recruited buku fags in here!&#;...a warehouse is no place for them!&#;,lgbt
1091,0,"&#;lbum de fotos: gaywrites: In the Making, a project by and for queer students at Harvard, highlights the...",lgbt
1121,0,&#;: This is awkward u fag   wonder who's awesome tank that is &#;,lgbt
1167,0,"&#;: If u ask me, every bitch gay&#;or ""bi""",lgbt
1442,0,"&#;: When you live this gay, you can't be afraid of two black dicks in your butt"" you fucking queer",lgbt
1448,0,"&#;: I love the song ""John Doe"" #dope&#;   faggots",lgbt
1450,0,&#;: Just got done with my last final and I'm walkin around campus like I own this place&#; queer.,lgbt
1461,0,&#;: You dammn Weed potheads are annoying af on Twitter&#; weed and pot are the same thing faggot,lgbt
1467,0,&#; Who is she? RT : Y'all hype that bread loaf chick up but I'm a chill&#; a dyke rapper,lgbt
1923,0,"&#; "": If fleek in yo vocabulary you a faggot""&#;",lgbt
1948,0,&#;:  #faggot&#; #Respect,lgbt
1977,0,&#;: i want affection / but i also want to be left alone /... do you see the issue here?&#;fag,lgbt
1989,0,&#; Why yall think its ok to be faggots?&#; and want us to be cool with them,lgbt
2046,0,&amp;when they say him they mean dyke Ron #wcw,lgbt
2155,0,' This niggah pharrell or whatever this niggah name is don't deserve shit for that white ass gay song .,lgbt
2210,0,------&gt;RT   ankle socks in general are for the faggots bro,lgbt
2274,0,beer queer,lgbt
2276,0,hoes  dyke,lgbt
2299,0,"old hoes, a ponk, and a dyke outchea having ""girl talk""",lgbt
2342,0,I bet he's a Starbucks queer,lgbt
2370,0,good enough fag,lgbt
2396,0,faggot,lgbt
2458,0,"So basically you like the background music, fag.",lgbt
2491,0,can't wait for more PEDS is that it? Roid munching faggot,lgbt
2504,0,fight me  on  ur choice of game faggot see what happens,lgbt
2523,0,guys not supposed to get their ass sucked queer,lgbt
2552,0,I do not like talking to you faggot and I did but in a nicely way fag,lgbt
2553,0,"answer my snapchat faggot 
#butthurt",lgbt
2570,0,do i literally eat asshole for a living? is that what i actually do faggot? You seem a little confused..,lgbt
2575,0,"so ur faggot teammate  hits someone late like that and U say he's yapping and yelling, u guys def  in the room",lgbt
2642,0,you'd like that wouldn't you fag,lgbt
2644,0,He looks like a fag and his time line is boring Zzzzzz,lgbt
2697,0,pass the Fosters faggot,lgbt
2698,0,yea....what did it do for Maidana? It made him a greedy faggot loser. Atleast Broner is black...,lgbt
2719,0,yea u stupid faggot. I'm not leaving till like -pm. Want a ride?,lgbt
2751,0,"Fuck you, faggot.",lgbt
2755,0,These new nigga hipster hypebeasts love all these faggot ass bright colors and Nike keeps giving them what they want smh,lgbt
2768,0,Joe Cortez is the ultimate faggot that fight proved it,lgbt
2827,0,is a fag #hesgay,lgbt
2886,0,stay talking defending your fuckboy ass boyfriend or what? go suck him off while youre at it faggot,lgbt
2888,0,you need to accept the fact that you're both hipster faggots.,lgbt
2891,0,"your gay stfu, dumb monkey",lgbt
2899,0,chase you God damn faggot &#;&#;&#;&#;,lgbt
2903,0,"faaaaggggottttt, speaking with the blonde hair and confused, you're a hypocrite, cuz you're a faggot","lgbt, political"
2922,0,"you call someone a faggot and then say to kill themselves, you are a pathetic human being. A fucking disgrace.",lgbt
2973,0,Because you're a fag,lgbt
3048,0,because if you support lesbians you have to support faggots there's no difference.,lgbt
3077,0,I'd hate feeling like a faggot too punk ass hoe,lgbt
3078,0,how about you wash my butthole out with your tongue you little faggot,lgbt
3082,0,"those little #ISIS faggots usually have bags over their heads anyway. 
Makes bullet placement interesting thru a scope.",lgbt
3088,0,fags&#;&#;,lgbt
3090,0,"purple &amp; pink....for the faggots who want to be protected...by the police, instead of BEARING ARMS if need be!",lgbt
3094,0,shut up fag,lgbt
3126,0,you wouldn't know fag,lgbt
3242,0,becuz no man should celebrate his bday at a drreams #faggot,lgbt
3272,0,ew queer white thirsty bitch,lgbt
3274,0,omg gtfo white faggot,lgbt
3281,0,you understand you look like a real life dyke right? Like you look like a WNBA dyke bro. A sports bra &amp; bball shorts wearing dyke,lgbt
3325,0,heyyyyyyyyyyy fag boy am I gonna watch you play?,lgbt
3361,0,"Hope you guys do get attacked for supporting SOPA, bunch of dirty snake faggots.",lgbt
3364,0,"Go pray in a church or something fag, no one cares about your religious bullshit.",lgbt
3401,0,fucking block your white ass because you try to start shit like a fucking queer so fuck you NIGGA,lgbt
3402,0,ight nigga haha fucking queer has to clear his schedule,lgbt
3404,0,roid rage much faggot?,lgbt
3449,0,"Sion is a faggot. Very meh ganks pre- and post- his ganks are still pretty meh he's just a tank, nothing special imo Mao +",lgbt
3496,0,if the faggots can have a page y cant they?faggots offend me more than them,lgbt
3506,0,that was so gay. And I was tanning bitch. Juvie made me white,lgbt
3570,0,done that spell check we know you meant fat liberal Dyke feminist Nazi bitches,"political, lgbt"
3594,0,randies are fags,lgbt
3597,0,just fuckin roasted this faggot,lgbt
3619,0,*yourself *faggot buy a dictionary,lgbt
3655,0,"I'm partial, faggot..homo...both fairly describes the same sick twisted Assholes out there.",lgbt
3659,0,what do you want fag,lgbt
3660,0,your a fag,lgbt
3687,0,fag,lgbt
3689,0,you don't know shit about me faggot bitch,lgbt
3692,0,fag,lgbt
3693,0,faggot,lgbt
3694,0,not funny u faggot,lgbt
3696,0,ur brother looks so queer and ugly,lgbt
3733,0,good leave you stupid faggot,lgbt
3761,0,happy birthday faggot,lgbt
3783,0,sweet comeback u fuckin herb I dnt watch soccer but id still wax your bitch ass in it go swallow the red soxs kids ur from NYC fag,lgbt
3807,0,"shut yo beaner ass up spic and hop your faggot ass back across the border little nigga, go listen to some pitbull","lgbt, mexican"
3914,0,so if your  and in high school you dont have your own house you fucking faggot,lgbt
3945,0,"i got a dyke wit a child as whse mgr, and she jus hired another girlboy dis week....",lgbt
3954,0,u pulled.that queer shit as spon as u put no homo lol,lgbt
4025,0,I don't bend that way queer. Thanks for the offer it's flattering.,lgbt
4026,0,go back to nigeria faggot,lgbt
4135,0,T.o. was a faggot crybaby,lgbt
4150,0,you a fag b,lgbt
4167,0,#NAME?,lgbt
4169,0,geta Life faggot,lgbt
4301,0,ugly gay nigga bitch fucking peace of shit,lgbt
4356,0,"Hey fag, I said this was your aunts. *He* said it was you.",lgbt
4425,0,your getting blocked faggot,lgbt
4484,0,fuck you fag!,lgbt
4485,0,fuck you niggah you gay. Lol,lgbt
4508,0,it was Paul McCartney faggot,lgbt
4526,0,dryer then them bad ass eyes of your fag,lgbt
4553,0,back up faggot,lgbt
4572,0,"fuck your mother, faggot",lgbt
4573,0,I don't hate that he blew up from  like a hipster but I hate the faggots who say they love his music based off his worst +,lgbt
4594,0,hes a lying faggot. he used inspect element to change the number of dollars in his account.,lgbt
4610,0,Dumb Haitian fake black faggots. Go to Haiti and neck yourself.,lgbt
4611,0,lmaoo what a fag,lgbt
4644,0,fuck those faggots,lgbt
4651,0,And the only band that sucked worse live is those fags Guns &amp; Poses.,lgbt
4666,0,I'm not a fag. Gtfo,lgbt
4721,0,faggot sack,lgbt
4743,0,you're such a faggot,lgbt
4775,0,whats your youtube channel then faggot,lgbt
4782,0,I wouldn't be proud that faze is in your family. He's horrible for one and two he's ugly trailer trash... #fazeisgay,lgbt
4802,0,EYE WITNESS: Joel is a faggot,lgbt
4815,0,faggot,lgbt
4825,0,okay closet fag,lgbt
4836,0,ya fag,lgbt
4873,0,"if only there was a medal for that: ""we hate fags, but we won't kill them"" medal. Thank u for the privilege to let fags live.",lgbt
4897,0,faggot.,lgbt
4899,0,is the biggest faggot in the world,lgbt
4923,0,bye youre a queer,lgbt
4989,0,I've been knowing fag,lgbt
4997,0,faggot,lgbt
5076,0,"Aww y u so mad tho, a successful man LMFAO, hut hugging as faggot.",lgbt
5102,0,and  are faggots. Kbye.,lgbt
5182,0,I thought you would like him cause of the Chi but yeah he a faggot,lgbt
5208,0,it&#;s the entire pats bandwagon. They&#;re faggots,lgbt
5222,0,studies show that you're a faggot,lgbt
5239,0,only faggots drive stick,lgbt
5241,0,go jerk off to lollis faggot.,lgbt
5295,0,) He's a faggot and I don't like him. ) I'm on the other side of the state.,lgbt
5310,0,fuck outta here faggot that wouldn't even be a fair,lgbt
5324,0,shut the fuck up fag ill beat the shit outta you,lgbt
5330,0,insecure much put all you insults in one tweet. Fucking dumbass dude I'd wreck you you faggot,lgbt
5367,0,I hate that faggot he so corny,lgbt
5385,0,gay fags,lgbt
5427,0,fags,lgbt
5429,0,fag,lgbt
5449,0,your picture makes you look like a serious fag. #justsayin lol,lgbt
5464,0,"faggots, old people, people who can't drive, drunk people",lgbt
5491,0,fags,lgbt
5507,0,"I dont have any problems with zak, but you seem like a faggot",lgbt
5515,0,he's a faggot,lgbt
5528,0,yea I forgot I was talkin to a degenerate faggot,lgbt
5538,0,faggot,lgbt
5542,0,you're a faggot,lgbt
5545,0,hey fag i &lt; you,lgbt
5616,0,oh shut your mouth i was talkin about the morning you fag,lgbt
5648,0,leave dyke,lgbt
5669,0,faggot,lgbt
5670,0,i can give you some of my clothes so you can look like a cute dyke,lgbt
5699,0,happy birthday queer,lgbt
5707,0,oh no. They drafted that gay ass that come out on TV? Well u welcome to Redskins nation. No queers just a lot of niggers.,"lgbt, whites"
5709,0,with pills that nig will last  years. Like magic j .That nig should hav died years ago. Y'all the first team to draft gay.,lgbt
5716,0,your a fucking queer faggot bitch,lgbt
5759,0,no ud still be a fag if I was lolz,lgbt
5760,0,ur a fag,lgbt
5801,0,nah she said you a fag,lgbt
5846,0,she spelled faggots with an e you're so cool lol,lgbt
5862,0,u guys are fags.,lgbt
5918,0,you had to throw in the faggot word smh smh smh,lgbt
5973,0,fuck you faggot,lgbt
5987,0,how many fuckin fags did a even get? Shouldnt be allowed into my wallet whilst under the influence haha,lgbt
5995,0,a faggot that needs to grow up,lgbt
5998,0,you did a good job doing that to me and not texting back faggot,lgbt
6006,0,thanks for ignoring my texts fag,lgbt
6041,0,"You don't have any kids?! What are you, one of them queers!?",lgbt
6135,0,yeah he sucks just like the other fags who are... oh nevermind there are NO fags in the #NFL,lgbt
6137,0,"I'll do it!  In the UK, ""Fag"" means cigarette and a ""faggot"" is a bundle of sticks, you homo.",lgbt
6180,0,"whatever hoe bitch # them ""fags"" beat yall sad asses too",lgbt
6181,0,fags.!,lgbt
6188,0,mean bro fucking faggot,lgbt
6190,0,die in a car accident then faggot,lgbt
6204,0,faggot,lgbt
6267,0,probs that fag Vhia,lgbt
6277,0,he looks like a pretty dyke&#;&#;,lgbt
6334,0,happy birthday faggot.,lgbt
6407,0,Is a fag,lgbt
6449,0,fag,lgbt
6470,0,oh shut up faggot get a disease overused on twitter,lgbt
6488,0,fag.,lgbt
6565,0,nah dude mostly just sound like a faggot,lgbt
6670,0,&#;&#;Alright fag what about this?,lgbt
6691,0,Roberts is a fuckin fag&#; smack the shit outta him,lgbt
6694,0,faggot,lgbt
6697,0,stfu dyke looking hoe.,lgbt
6711,0,fucking gay faggot look at that gay ass pink shirt haha,lgbt
6715,0,Ha Ha Ha no good fat dyke,lgbt
6719,0,call him a cock blocking faggot,lgbt
6740,0,faggot,lgbt
6741,0,"quit bitching faggot, happy you cant see your faggot family cry baby little girl crying in the parking lot, you aint a man sissy",lgbt
6742,0,don&#;t be a hurt little faggot,lgbt
6776,0,omg no plz stop calling me an idiot... are we in kindergarden you fucking faggot,lgbt
6788,0,faggots,lgbt
6808,0,lmao dude you are probably the biggest fag in nebraska &#;&#;&#;&#;&#;,lgbt
6812,0,gayer then  faggots in bed together&#;,lgbt
6884,0,"okay, let's fight you ginger faggot",lgbt
6891,0,well he is at Genos. So he is the ultimate faggot,lgbt
6894,0,Oh really? fags are gross You aids infected sick fuckers,lgbt
6900,0,"glad about your uncle, another stupid faggot off the world, hopefully you next.",lgbt
6938,0,come wage with us fag,lgbt
6991,0,I knew you were a faggot though,lgbt
7010,0,You're a fucking faggot.,lgbt
7024,0,I'm ' fag &#;&#;,lgbt
7042,0,if you go could you hook up the plant city faggots or,lgbt
7052,0,ugly dyke,lgbt
7093,0,stfu u ugly dyke,lgbt
7095,0,"he looks like reg. Memphis,tn. trash! we got them everywhere.","whites, lgbt"
7124,0,BORING&amp;HACK allah and mohamed are also against fags.PLEASE mention them as well.did God take away your balls as punishment?,"lgbt, muslim"
7151,0,I'm a faggot :/,lgbt
7192,0,youre a fag,lgbt
7194,0,@ me then faggot,lgbt
7235,0,go back to lego club faggot,lgbt
7277,0,it's goldbar dumb bitch and no my dad wouldn't pick you up he doesn't like faggots like you &#;&#;&#;,lgbt
7370,0,#faggot,lgbt
7374,0,fags***,lgbt
7442,0,fucking faggot,lgbt
7464,0,faggot I knew you weren't really my friend.,lgbt
7479,0,you little fag. At least I will fuck a Woman to have kids. Plus work to support them. Hipster homo,lgbt
7528,0,Alright fag,lgbt
7542,0,i made you lunch you fat faggot &#;,lgbt
7705,0,"Accept your flaws and imperfections because that's what makes you, YOU! See I'm a fuck, small dick faggot with parents who don't love me.",lgbt
7762,0,Al noooo ...... Too late fuckin faggot ! Lmao,lgbt
7901,0,Alright ya faggots. Lets just stop with all the S/O and R/T. No one gives a fuck on what you think of other people. Probably lying anyways,lgbt
8236,0,Between this trend and the vines acting like women its like niggas couldn't wait to be faggots,lgbt
8259,0,"Bill Smith DDS MTV ODB LGBTQ MMA NFL AFLCIO 

bitch pick one.

Fucking hate you.

I know you proud but shit.",lgbt
8383,0,Boy Yung thug is a fag,lgbt
8477,0,But atleast they let me know...ur a faggot if u keep those type of twitter secrets,lgbt
8531,0,Can #faggots of #HoneyBooBoo imagine this #internet world was created to trap them and feed them to #Allah like gazelles? #IT #StephenKing,"lgbt, muslim"
8588,0,Can't stand that faggot.,lgbt
8695,0,Chicks love these ugly hipster faggots. Prolly cause they look like the dad that was never in their life.,lgbt
8708,0,Chris Bosh bout to disgrace the trophy like a real faggot smh,lgbt
8802,0,Curse AVI for Coke because he's a fag and hasn't put it on yet,lgbt
8881,0,Dani Alves pulled off that hairstyle. Neymar just looks like a faggot,lgbt
9146,0,Dyke bitches kill me thinkin they really got hoes lol,lgbt
9150,0,EDA!! The  queers at AA! lol,lgbt
9153,0,ESPN keep hiring these dyke bitches and gay Spanish niggas to talk sports,"lgbt, black, latinos"
9297,0,Faggot ass bitch nigga,lgbt
9383,0,"Flaming faggots that publicly state how they want everything handed to them... Like fuck you dude, get off your bottom ass and do something",lgbt
9480,0,Fuck Ur god until dat faggot strikes me down,lgbt
9503,0,Fuck boi fag,lgbt
9578,0,"Fuckin' #faggots, man. #science knows these FUCKS can't procreate without the help of ""breeders"" but we treat them #fancy? #sin",lgbt
9584,0,"Fucking faggots  aren't from or live in DC, Maryland or VA",lgbt
9647,0,Gay ass nigga &#;&#; bitch you thought you thought,lgbt
9651,0,George michael such a fag,lgbt
9747,0,Good Mernin faggots,lgbt
9748,0,Good Morning to lightskin dyke bitches with Steven Segal ponytails.,lgbt
9949,0,Hate this dyke,lgbt
10323,0,"I be sayin I'm done drinkin everyday but then one of my friends hit me up like ""I gotta case"" and only faggots turn down free beer",lgbt
10356,0,I bet you think you a no-chill savage huh. Fucking faggot,lgbt
10715,0,I hate all these industry fags. I hope they all get the Nigerian Summer Flu,lgbt
10981,0,I love all people for who they are but there's this one fag that goes to my school that can catch a ninja star to the face ASAP,lgbt
11188,0,I still think snap chat for faggots and High Schoolers,lgbt
11212,0,"I swear these anon fags go to protests just to take pictures to post to Twitter. ""Look, I was there...Like me""",lgbt
11355,0,"I wasn't calling you a faggot, but you are one lol.",lgbt
11384,0,"I wish faggots like  would stop making music, rack city was fucking awful. Get the fuck outta michigan.",lgbt
11572,0,"I'm going to sell my iPhone and both my Macs, I don't support faggots.",lgbt
11602,0,I'm just upset they got faggots on this show,lgbt
11609,0,"I'm literally laughing in shock, amazement, joy. In...just everything. In everything! Pop the champagne American queers. We have arrived.",lgbt
11636,0,"I'm not weird, you're just a faggot",lgbt
11637,0,I'm obviously not talking about CoD because that game is for queers.,lgbt
12051,0,Im soooooo tired of this dick dyke showing up on my fb feed. Real studs dont fucc niggas. Just be bisexual.,"black, lgbt"
12146,0,Iont see how some of you niggas fags!!,lgbt
12207,0,It really is too bad that #California had faggot marriage forced upon her after her citizens declared it illegal.,lgbt
12214,0,"It was nice of you to unfollow me, fag",lgbt
12288,0,It's this dyke chick cut hair in the barbershop look just like Future,lgbt
12331,0,Jai may make an appearance at the party... love that fag,lgbt
12499,0,Kanye west is a faggot,lgbt
12550,0,Kim Kardashian look like a tranny with all that surgery,"whites, lgbt"
12565,0,Know why the ultimate warrior died? God LOVES fag #toosoon ? He was an anti-gay crusader so a little light jokes are necessary,lgbt
12794,0,Lmao Lebron's expression says it all RT &#;: This nigga is a fuckin faggot,lgbt
12797,0,Lmao RT  If u live wit ya girl and u do dishes u a faggot,lgbt
12838,0,Lmaooo RT  She a tranny if she can open a jar of pickles by herself,lgbt
12957,0,"Look at this little faggot.
"": Tell her she's beautiful as much as you can. It'll make her smile""",lgbt
13164,0,"Michael Sam being cut further proves that we fags don't belong in football or #NFL, it is a heterosexual sport for heterosexuals.",lgbt
13268,0,My advice of the day: If your a tranny.....go fuck your self!,lgbt
13281,0,My best friend loves Justin beiber what a fag &#;&#;&#;,lgbt
13531,0,Naw RT  Am I the only one mad that ESPN gonna be talking about faggot ass Penn State all week?,lgbt
13641,0,"Niggas are so fucking gay... And they try to cancel it out by saying ""nah were bros it's cool"" nahhhhhaahahahaha you a faggot bruh",lgbt
13764,0,"Not All Straight Men - I am frustrated. Unlike on OKCupid, queer folks don&#;t have the ability to block...",lgbt
13841,0,OMG :  ugly faggot. Your a bad mother. You should kill yourself like Robin Williams,lgbt
14005,0,Only faggots use white ds's,lgbt
14058,0,Oregon losing IN OREGON ahhhahahaha faggots,lgbt
14112,0,"Peace fags, just remember I'm best Lux support NA. Drop LustBoy pick me and Kakao up TSM.",lgbt
14274,0,Punk ass broke faggots.,lgbt
14318,0,""": Wow do we have another faggot? &#;: TIMAtheRACER wow do we have another Cam hater? lol&#;""&gt;&gt; dat dude is nice",lgbt
14382,0,Your Swags off fag sauce,lgbt
14575,0,Rudy Gay a faggot for not changing his last name once he got money.,lgbt
14576,0,Hate fags? The answer's yes.,lgbt
14631,0,Look at ya boy  RT : Nigga a faggot RT : Bruh RT : Chance The Rapper,lgbt
14876,0,if i dont get drafted for the squad we gonna have some problems drop the faggot jesus,lgbt
15019,0,it means you're a faggot lol,lgbt
15038,0,"&#;:  well he is at Genos. So he is the ultimate faggot&#;
 got to show this queer how to eat &#;",lgbt
15061,0,Lmaoo RT : That's a legal tackle faggot RT : Seriously?,lgbt
15114,0,Lowkey called that faggot a faggot.,lgbt
15201,0,Stfu faggot a clip is + holy fucking tittyy shit,lgbt
15329,0,Tell me how you really feel. RT : those little #ISIS faggots usually have bags over their heads anyway.,lgbt
15511,0,"To the rejects who constantly call my house and are threatening to rape my mom, karma's a bitch. Rot in hell, faggots.",lgbt
15735,0,&#;&#;&#;&#;&#; RT : Tight pants and loud colors!!! You look like a fag! &#;,lgbt
16020,0,This nigga is a fuckin faggot,lgbt
16024,0,but you're still a faggot,lgbt
16026,0,&#;: The bromance between pat and ant is real&#; fuck that faggot,lgbt
16069,0,My old man has a white galaxy phone cuz he's a fag.,lgbt
16079,0,&#;:  You're a faggot&#;you're a Texas fan...,lgbt
16106,0,"Do you ever just see someone's account and think ""wow what a faggot"" but at the same time you can't unfollow bc u can't m&#;",lgbt
16429,0,Exactly. .same shit I said&gt;&gt;&gt; : So nobody think Mimi was outta line for inviting Stevie J to the gay nicca v&#;,lgbt
16696,0,start crying and stalking him faggot. I want to laff,lgbt
16701,0,"If you dont see the connection between legitimizing the queer lifestyle, and an increase in STD's and sexual deviancy- yo ...",lgbt
16794,0,Apartheid. &#;: pedestrian check = show me your freedom papers you darkies.&#;,lgbt
16814,0,Happy birthday freshman faggots,lgbt
16824,0,"If you snipe, you're a fucking faggot. I fucking hope all of you snipers get fucking raped and suffer from cancer.",lgbt
16867,0,"Dont be a faggot, cover your mouth when you fkn cough or sneeze, I got a immune system to keep strong asshole",lgbt
17001,0,I stopped caring about mcm when I noticed dykes where getting chose before me,lgbt
17063,0,If you claim Macklemore is your favorite rapper I'm also assuming you watch the WNBA on your free time faggot,lgbt
17074,0,Happy birthday faggot! &#;,lgbt
17274,0,Sav is a fag,lgbt
17378,0,I hate taking a shit at public places bc i feel like a faggot when im placing the toilet paper on the toilet seat,lgbt
17493,0,If some little fucking faggot spits in my food I swear to god id tear your fucking arms off,lgbt
17495,0,aight game over. dykes had to ruin it,lgbt
17842,0,"ur a faggot if you change your name to your bday just so you can get bday tweets. this aint FB nigga, fuck yo birthday",lgbt
17886,0,Fucking chinks in Clash of Clans always fuck me up. Bitch ass kamikaze faggots.,lgbt
17981,0,RT or you're a fag.,lgbt
18026,0,Automatically suspicious of white folk who try too hard to show they like us darkies.,lgbt
18043,0,Look at this faggot,lgbt
18216,0,"they should be ashamed of themselves. I'll be single for life before I fuck w a nasty, faggot ass white man.",lgbt
18345,0,Nah I hate white people now since he looks like a dyke RT : I think he just ended racism,lgbt
18397,0,I hate when faggots talk shit on here then block me so I can't respond. Bitch I will write you a letter with my response an&#;,lgbt
18424,0,His balls ashy RT : : Real women do this and real faggots let em do that.. Smh,lgbt
18489,0,lmaoooo what a bunch of fags,lgbt
18640,0,This faggit bitch tried to say she hoe'd for hd bearfaced bitch yusa fag,lgbt
18673,0,i fully support same-sex marriage but i'll never stop calling my friends faggots,lgbt
18769,0,"""Light beer? You mean faggot piss?"" -Overly Powered Man",lgbt
19090,0,"In the future, gay culture will be considered cool by America's teens and instead of wiggers there will be straggots.",lgbt
19205,0,You know she's a dyke when she asks for men's golf clubs,lgbt
19310,0,Lmaooo Friday After Next? &#;: You like that yo son's a fag?&#;,lgbt
19467,0,"""what can banks do to show engagement with the queer community?"" ""HIRE TRANS WOMEN""",lgbt
19502,0,Jenna's a faggot,lgbt
19562,0,Stupid fucking nigger LeBron. You flopping stupid jungle bunny monkey faggot.,lgbt
19732,0,Joshua is a faggot. Just suspend him on those grounds,lgbt
19761,0,fuuck jalens a slow bitch!,lgbt
19780,0,""": hey dicklicker! it says im happily divorced not bitter! homophobic? im not scared of queers..i hate em! fudg&#;",lgbt
19949,0,More queer lady Templars. That's my point.,lgbt
20091,0,""": Is you a girl or a guy is you my mom or is you my dad ?"" Im a butch dyke",lgbt
20120,0,"realest tweet i seen today RT : &#;. Dyke bitches are rehab for hoes.And once im healed,back to the dick I go",lgbt
20134,0,What straight guys take a picture of themselves naked in a hot tun.What fags   &#;,lgbt
20146,0,If you like After Romeo chances are I think you're a faggot.,lgbt
20403,0,Too many faggots on here that think they can address me by my first name,lgbt
20489,0,I got called a faggot for buying girl toms so now I'm gonna fuck that person in the ass,lgbt
20882,0,you're a fucking queer,lgbt
21041,0,STFU BORIS FAGJO! RT  Cause he a faggot!! Makes sense now right?? RT  Bran prolly real nurturing lol,lgbt
21096,0,"Seattle Mayoral Election this year. A choice between a bunch of women, non-whites, and faggots/fag lovers.",lgbt
21113,0,See&gt; Its a FINE LINE&gt; Killing #faggots doesn't change the source of their creation. Which is #Stupid PEOPLE #overbreeding&gt; #PERIOD&gt;,lgbt
21280,0,Shut up faggot,lgbt
21352,0,Smh queer,lgbt
21509,0,"Somebody couldve been like ""aye man you dropped your money"" but nooooooo fucking broke faggots selfish bastards i hate yall",lgbt
21553,0,Sonnen is a faggot,lgbt
21555,0,"Soon  will be to ""Fuck Backtrack"" and I can't wait because fuck those faggots.",lgbt
21620,0,"Still really confused re #humplayproblems i think lucricus
Is a fag dagger",lgbt
21625,0,Stoni is a fuckin queer...,lgbt
21647,0,Stu a rape faced faggot man I'm sick of this nigga,lgbt
21725,0,TRUST ME when I say that #JesusChrist would be KILLING #faggots if he came back to life in today's day and age&gt; #Spartacus #Rome,lgbt
21890,0,That shade of faggot clashes with your eye color.,lgbt
21900,0,That was my faggot rant for the night.,lgbt
22040,0,The leftist/homosexual war on the #Catholic church kicked into high gear with the infiltration of the priesthood by boy-raping fags...,lgbt
22070,0,The reason Shelby hates sandwiches is because he is a queer.,lgbt
22116,0,Them queer ass shorts Rabchenko got on,lgbt
22310,0,These people are fags.,lgbt
22625,0,This week's RFN segment is in the can. I discuss Idaho being a faggot marriage state just like Washington.,lgbt
22773,0,Twitter is for fags.,lgbt
22797,0,"Typically hateful, anti-Christian, mentally ill and ugly dyke trash pig couple Jennifer McCarthy and Melisa Erwin","christian, lgbt"
22888,0,Vanessa is such a fuckin faggot.,lgbt
22938,0,Wake up you stoopid dyke,lgbt
23063,0,What a fag,lgbt
23064,0,What a fucking faggot,lgbt
23119,0,What's so good about Prom? All I see is another faggot ass High School dance.,lgbt
23124,0,What's up faggots bet y'all thought you'd seen the last of me,lgbt
23292,0,Who takes mid from the best midlaner NA??? Fuckin solo Q fags.,lgbt
23328,0,Why are some people such faggots? Like were you born that way or are you just that big of a douche bag.,lgbt
23357,0,"Why does this faggot in front of me have to get two dozen doughnuts right now, get the fuck on",lgbt
23418,0,Wish I coulda said more to  tonight. Good seeing you fag. &#;,lgbt
23466,0,Worlds biggest faggot lol,lgbt
23710,0,You a real life faggot if you ever fight another man because he fucked your girl. You just gotta take that L like a man and move on,lgbt
23793,0,"You fucking fag &#;: this is exactly what i am talking about 

women are pigs",lgbt
23801,0,You got me faggot,lgbt
23811,0,You hate football your a faggot,lgbt
23812,0,You have my word we will RT :  beat those fucking faggots pls,lgbt
23909,0,You some type of special faggot if you bring chocolate Swishers to a smoke session.,lgbt
23947,0,You're a faggot if you use the cover your face emoji,lgbt
23952,0,You're all faggot fuckheads.,lgbt
23978,0,Your acting like a spoiled little faggot have fun,lgbt
24029,0,ahah fucking queer  kill urself,lgbt
24257,0,do you think all the rice fags are at McDonald's?,lgbt
24303,0,"everybody's favorite phrase to try and end an argument
""You do you and I do me"" 
lmao faggots",lgbt
24309,0,faggot,lgbt
24311,0,faggots,lgbt
24314,0,fat dykes make me want to vomit,lgbt
24343,0,gay ass fags,lgbt
24437,0,hope gezus gets shot in his faggot head #houston #nbombs,lgbt
24444,0,how the fuck do all these fucking faggot ass randos even find zoe's ask account????,lgbt
24462,0,Leo get the fuck off of vine you fag,lgbt
24472,0,"i find it funny when fags write ""looking for bf"" on a grindr ap. LOL thats a fucking ap dumbass.",lgbt
24600,0,"it means that im following orders and being subordinate. sue me, ya dyke",lgbt
24811,0,oh well. he's a fag anyways.,lgbt
24828,0,one day im like harry styles is so hot the next day is who tf is this faggot,lgbt
24838,0,only lesbians get their nips pierced ew,lgbt
24916,0,"she pooted &#;: Either Young Thug gay, or this bitch pooted",lgbt
24991,0,talking crazy over the Internet is the same thing as doing it in person. don't try to be buddy buddy with me later on faggot fuck you.,lgbt
25084,0,this guy is the biggest faggot omfg,lgbt
336,2,greggutfeld a video an entire media will likely mock httptcoXFr1cRXWSm i am such a crybaby,LGBT
1388,2,8220Kik2Clean Brah Wiz cheated 128514128557 httptcoOZ2PnDNGJ08221 she had hair like a dyke Uh Duh,LGBT
16668,2, Pregnant SE Cupp8217s classic response to 8216liberal dem8217 who calls her 8216chunky8217 8211 with bonus tweets httptcoU8nlYWEfiO via8230,LGBT
10461,2,I don8217t talk trash regarding sports,LGBT
5651,2,alexnolan1990 claddos takutaneka regankelly91 ill give you a tip beware of the ugly birds who hide behind massive lensed sunnies,LGBT
21124,2,Selling ex lax brownies in front of Meijer to pregnant women GoodDeed,LGBT
11479,2,Im Pregnant Charlie Brown WorstPeanutsSpecialEver,LGBT
18279,2, This is so great Regular season ball is for the birds,LGBT
5183,2,TreyDoe HallDerik 20ToLife once fag You got pressed to the ground hang up your cleats n never put them back on or think about it,LGBT
14072,2,Our female guinea pig is pregnant 127882127881127873128525128525128525,LGBT
11284,2,I uploaded a YouTube video httptcoJHUuZpgr UPDATE ON UGANDA ANTIGAY BILL Freemasonry AngloAmerican Influence and,LGBT
23024,2,Weekend is here What an amazing week this has been Lets use this extended weekend to celebrate our successes my fellow queer folk,LGBT
6218,2,gregorious13 I dont understand it theres trash cansdumpsters everywhere and if theres not just wait till you go somewhere with one,LGBT
921,2,pornandroidiphoneipadsexxxx  Teen  Cutie lesbian teens toy slits httptcoZS05enjjwm,LGBT
20957,2,Regular joes rockin tha boat thats us redneck yacht clubbb9728127926,LGBT
6246,2,haylebopp last year i had to explain why queer theory is the acceptable academic term,LGBT
3389,2,GregHillWAAF New showThursdays with Jinxy broadcast from the moon its made of chunky blue cheese you know,LGBT
2175,2,Forget to salute trash the other guy for the bad war during Cairo II sympathize w Pockistan gays hurting morale Thanks King,LGBT
14147,2,Perhaps Ezra Miller is the first crack toward changing that regardless of whether he identifies as queer over gay,LGBT
1325,2,8220HeyKeifer Golden Oreos 128016 regular Oreos 1286868221 YES,LGBT
14400,2, Bron pregame speeches be so trash though lmao,LGBT
6858,2,mfsasso or jim crow laws segregation lynching laws anti womans suffrage laws amazing how everyone doesnt want to bring that up,LGBT
16969,2, 22 Adam Henrique cleans up the trash in front of the net tying the game for the NJDevils with 1106 left in regulation 8230,LGBT
20277,2, In the Yankees draft room they had a huge picture of Greg Campbell with the message this is the makeup were looking for,LGBT
8828,2,DRUGSgt Is why Giants are losing Just ask barrybonds and the HEDGE BET FUNDgt WorldSeriesGame6 faggots,LGBT
22864,2,"Unintended consequences of the current fed regulations 
Trays of uneaten food thrown in the trash 
Hungry kids
 httptcoaaMJhHOW7y",LGBT
6016,2,dgardner YoniFreedhoff Sounds like the hysteria over bird flu a few years back It had a lower mortality rate than the regular flu,LGBT
22903,2,Virtually zero protections for LGBTQ persons in Alabama Not a lot of acceptance either Think about queer Alabamian kids today,LGBT
9350,2,Finally done wif mock regents 128524,LGBT
3390,2,GregHillWAAF soo what you putting on those crackers Gregg,LGBT
10453,2,I didnt buy any alcohol this weekend and only bought 20 fags Proud that I still have 40 quid tbh,LGBT
11519,2,Im an 18 year old gay driving through the back roads of redneck Virginia blasting Cheetah Girls If that doesnt scream sitcom what does,LGBT
8937,2,Delusional teabagger thinks he can stop gay marriage in Wisconsin httptcoSp6o6vOyDw lgbt teaparty gaymarriage ssm,LGBT
8254,2,Bigots demand recount in Idaho gay rights ordinance referendum httptcoTorYEXxMwi tcot teaparty teabaggers lgbt,LGBT
14377,2," Oregon State WR brandincooks is a popular 49ers pick in recent mock drafts 

DRAFT TRACKER httptcoAEueKmhkQX httptc8230",LGBT
4550,2,PlannedSickDays hey do you have that screen shot of djks wiki page being updated regarding the trash can incident,LGBT
10998,2,I love how we can marry and still be the same queer messy funny fabulous dramatic community weve always been Why I love us,LGBT
20971,2,Rewrite tinker with its official language regarding samesex relationships divorce remarriage etc But nothing is set in stone at all,LGBT
22086,2,The two ringless fags RT EverybodyHatesX Barkley amp Reggie were talking nonsense the entire game,LGBT
12404,2,Jose Soto Reflections of a former gay teabagger httptcoXtMMuzyK,LGBT
10019,2,Hes a pretty damn good actor But as a gay man its awesome to see an openly queer actor given the lead role for a major superhero film,LGBT
16362,2, My idea of a diet is eating regular Oreos instead of double stuft and takin off half the cookie still dip it in 2 ,LGBT
684,2,BigBird was made by a gay couple So yes under a GOP world the bird would not have existed since its creators would be in jail for sodomy,LGBT
7161,2,sandcowboy31 hey its hillbilly jim and Greg the hammer valentine pffttt,LGBT
814,2,WeAreRepublicNotRegime POTUS BO violated USA sovereignty wopen borderJihadiscriminaldiseasedHaitiansSAmericans ImpeachObama,LGBT
18207,2, Finally Warner Bros making superhero films starring a woman person of color and actor who identifies as queer httptco8230,LGBT
13526,2,National Review calls gay marriage lawlessness httptcoQpTreDa6yv oregon tcot gop NOM lol teabaggers,LGBT
11503,2,Im a redneck but without the homophobia and racism,LGBT
7681,2,A squad of dyke cholas fear nobody They worse than the cartel,LGBT
18288,2, Richard Grenell WaPos Greg Sargent mocks voter ID and proves point of proponents httptcoKG3NEWOYIy,LGBT
4259,2,MissStef0318 MariaPetrova teabaggers weakening food and environmental regulations is infinitely more scary and lethal than terrorism,LGBT
7395,2,tracieeeeee wha me im just waiting for showtime to bring back queer as folk,LGBT
6789,2,luchadora41 so was slavery prohibition and not letting women to vote segregation jim crow laws etc etc i can do this all day lol,LGBT
24799,2,not fun DPDUK when you have braxton hicks and cramps regularly from moving around You try it,LGBT
7107,2,regankelly91 go the gulls First grade should be a cracker Physical,LGBT
3300,2,Furrystoat For the record NoHomo but dont care who is unless I gotta see it same with every sexuality even birds dogs what not,LGBT
14174,2,Photo anarchoqueer 8220Anarchism stands for a social order based on the free grouping of individuals for httptcoIy6Gro4t8Z,LGBT
5677,2,andersonDrLJA im so sick of self serving politicians standing by while BO trashes America WeAreRepublicNotRegime ImpeachObama,LGBT
9999,2,He may be the President but that doesnt necessarily mean hes in the sole position of power in regard to making such decisions,LGBT
19428,2," RIP Tom Foley
RIP Greg Sikorskey
RIP Charlie Anaya
RIP Wells Crowther
RIP Andy Fredericks",LGBT
12974,2,Looks like a tool but is useful as a clay hammer fag hOPPondis httptcoK7wqlAWRwM,LGBT
